{
  "layer": 12,
  "coefs": [
    -8.0,
    -6.0,
    -4.0,
    -2.0,
    0.0,
    2.0,
    4.0,
    6.0,
    8.0
  ],
  "unit": true,
  "n_train": 128,
  "n_val": 50,
  "results": {
    "last/uniform": {
      "norm": 1.8609777688980103,
      "unit": true,
      "curve": {
        "-8.0": 0.5706334985059547,
        "-6.0": 0.5363459927677523,
        "-4.0": 0.49079846848584674,
        "-2.0": 0.538238525509283,
        "0.0": 0.6920701860499539,
        "2.0": 0.7449769125307187,
        "4.0": 0.7249818383011761,
        "6.0": 0.6618653709466377,
        "8.0": 0.6137187800657514
      }
    },
    "prompt/uniform": {
      "norm": 0.0,
      "unit": true,
      "curve": {
        "-8.0": 0.0,
        "-6.0": 0.0,
        "-4.0": 0.0,
        "-2.0": 0.0,
        "0.0": 0.6920701860499539,
        "2.0": 0.0,
        "4.0": 0.0,
        "6.0": 0.0,
        "8.0": 0.0
      }
    },
    "prompt/attn[same,mean]": {
      "norm": 0.35695379972457886,
      "unit": true,
      "curve": {
        "-8.0": 0.6568145957325594,
        "-6.0": 0.6677869590762936,
        "-4.0": 0.6769563800739543,
        "-2.0": 0.6821617747425082,
        "0.0": 0.6920701860499539,
        "2.0": 0.6933278050810446,
        "4.0": 0.6968920928895648,
        "6.0": 0.6986037366797399,
        "8.0": 0.6922437422182912
      }
    },
    "prompt/attn[same,mean]/noBOS": {
      "norm": 0.48690253496170044,
      "unit": true,
      "curve": {
        "-8.0": 0.6913740752180655,
        "-6.0": 0.6994780274367268,
        "-4.0": 0.6997744483108861,
        "-2.0": 0.6999811053302497,
        "0.0": 0.6920701860499539,
        "2.0": 0.6786737990350451,
        "4.0": 0.6679993733196002,
        "6.0": 0.6513244639038634,
        "8.0": 0.6335591391702092
      }
    },
    "response/uniform": {
      "norm": 0.9304497838020325,
      "unit": true,
      "curve": {
        "-8.0": 0.5692548307842856,
        "-6.0": 0.5390092222510947,
        "-4.0": 0.4919055200573875,
        "-2.0": 0.537838622789775,
        "0.0": 0.6920701860499539,
        "2.0": 0.7434580013559817,
        "4.0": 0.7240351705920217,
        "6.0": 0.6587719155712012,
        "8.0": 0.6162360623610169
      }
    },
    "response/attn[same,mean]": {
      "norm": 0.908123254776001,
      "unit": true,
      "curve": {
        "-8.0": 0.4873118754318431,
        "-6.0": 0.4847163279417992,
        "-4.0": 0.4872560991885832,
        "-2.0": 0.5420492823861418,
        "0.0": 0.6920701860499539,
        "2.0": 0.74002403785548,
        "4.0": 0.7061369182625182,
        "6.0": 0.6267127481140427,
        "8.0": 0.5936442835014912
      }
    },
    "response/attn[same,mean]/noBOS": {
      "norm": 0.908123254776001,
      "unit": true,
      "curve": {
        "-8.0": 0.4873118754318431,
        "-6.0": 0.4847163279417992,
        "-4.0": 0.4872560991885832,
        "-2.0": 0.5420492823861418,
        "0.0": 0.6920701860499539,
        "2.0": 0.74002403785548,
        "4.0": 0.7061369182625182,
        "6.0": 0.6267127481140427,
        "8.0": 0.5936442835014912
      }
    },
    "full/uniform": {
      "norm": 0.01088723074644804,
      "unit": true,
      "curve": {
        "-8.0": 0.47072232087926497,
        "-6.0": 0.4789620421299609,
        "-4.0": 0.4997410874646209,
        "-2.0": 0.5438501283463671,
        "0.0": 0.6920701860499539,
        "2.0": 0.742167347576927,
        "4.0": 0.693541517282229,
        "6.0": 0.6212589341646138,
        "8.0": 0.5954424865608319
      }
    },
    "full/attn[same,mean]": {
      "norm": 0.42614173889160156,
      "unit": true,
      "curve": {
        "-8.0": 0.6949096231272109,
        "-6.0": 0.6993642003763477,
        "-4.0": 0.6997625641233988,
        "-2.0": 0.6979877037637757,
        "0.0": 0.6920701860499539,
        "2.0": 0.6841049545887107,
        "4.0": 0.6686969463187487,
        "6.0": 0.6564978234987315,
        "8.0": 0.6430070799605775
      }
    },
    "full/attn[same,mean]/noBOS": {
      "norm": 0.07967586815357208,
      "unit": true,
      "curve": {
        "-8.0": 0.6035095896480983,
        "-6.0": 0.6240737439656271,
        "-4.0": 0.6451397198365594,
        "-2.0": 0.6691598488916151,
        "0.0": 0.6920701860499539,
        "2.0": 0.7092132836056977,
        "4.0": 0.7138508921354605,
        "6.0": 0.7139835679260164,
        "8.0": 0.7021188884931157
      }
    }
  }
}