{
  "layer": 15,
  "coefs": [
    -2.0,
    -1.0,
    0.0,
    1.0,
    2.0
  ],
  "unit": false,
  "n_train": 128,
  "n_val": 50,
  "results": {
    "last/uniform": {
      "norm": 2.3052024841308594,
      "unit": false,
      "curve": {
        "-2.0": 0.6341709751599273,
        "-1.0": 0.6585116017986935,
        "0.0": 0.6920701860499539,
        "1.0": 0.7191680098651466,
        "2.0": 0.7349729978924769
      }
    }
  }
}