{
  "layer": 13,
  "coefs": [
    -8.0,
    -4.0,
    -2.0,
    -1.0,
    0.0,
    1.0,
    2.0,
    4.0,
    8.0
  ],
  "n_train": 128,
  "n_val": 50,
  "results": {
    "last/uniform": {
      "norm": 1.9977470636367798,
      "curve": {
        "-8.0": 0.57224409890171,
        "-4.0": 0.5592764241921288,
        "-2.0": 0.5501489389163453,
        "-1.0": 0.6237450645858698,
        "0.0": 0.6920701860499539,
        "1.0": 0.7323399525854222,
        "2.0": 0.7344068765753154,
        "4.0": 0.6994659683657489,
        "8.0": 0.5702659008376431
      }
    }
  }
}