{
  "layer": 13,
  "coefs": [
    -2.0,
    -1.0,
    0.0,
    1.0,
    2.0
  ],
  "unit": false,
  "n_train": 128,
  "n_val": 50,
  "results": {
    "last/uniform": {
      "norm": 1.9977470636367798,
      "unit": false,
      "curve": {
        "-2.0": 0.5501489389163453,
        "-1.0": 0.6237450645858698,
        "0.0": 0.6920701860499539,
        "1.0": 0.7323399525854222,
        "2.0": 0.7344068765753154
      }
    }
  }
}